id,generated
0000aaaa,0.6759693
1111bbbb,0.57954305
2222cccc,0.7309469
